{
	"format_version": "1.8.0",
	"animations": {
		"idle": {
			"loop": true,
			"animation_length": 1.9583,
			"bones": {
				"tentacle1": {
					"rotation": {
						"0.0": {
							"vector": [0, 0, 0]
						},
						"0.9167": {
							"vector": [5.02809, -0.81376, 4.62106]
						},
						"1.9583": {
							"vector": [0, 0, 0]
						}
					}
				},
				"bone2": {
					"rotation": {
						"0.0": {
							"vector": [0, 0, 0]
						},
						"0.5417": {
							"vector": [-12.45392, -1.08089, -4.88206]
						},
						"1.1667": {
							"vector": [-12.48848, 0.54094, 2.44081]
						},
						"1.5417": {
							"vector": [-12.39638, 1.61888, 7.32417]
						},
						"1.9583": {
							"vector": [0, 0, 0]
						}
					}
				},
				"tentacle2": {
					"rotation": {
						"0.0": {
							"vector": [0, 0, 0]
						},
						"0.5417": {
							"vector": [-2, 0, -5]
						},
						"1.2917": {
							"vector": [-0.99531, 0.1355, -1.11659]
						},
						"1.9583": {
							"vector": [0, 0, 0]
						}
					}
				},
				"tentacle3": {
					"rotation": {
						"0.0": {
							"vector": [0, 0, 0]
						},
						"0.5": {
							"vector": [-5, 0, -5]
						},
						"1.2917": {
							"vector": [-7.45744, 0.65182, 2.47178]
						},
						"1.9583": {
							"vector": [0, 0, 0]
						}
					}
				},
				"bone": {
					"rotation": {
						"0.0": {
							"vector": [0, 0, 0]
						},
						"0.75": {
							"vector": [11.06326, 12.92531, 60.28653]
						},
						"1.7083": {
							"vector": [0, 0, 0]
						}
					},
					"position": {
						"0.0": {
							"vector": [0, 0, 0]
						},
						"0.1667": {
							"vector": [-0.2, 0, 0]
						},
						"0.5417": {
							"vector": [-0.29, 0, 0]
						},
						"0.8333": {
							"vector": [-0.4, 0, 0]
						},
						"1.7083": {
							"vector": [0, 0, 0]
						}
					}
				},
				"tentacle4": {
					"rotation": {
						"0.0": {
							"vector": [0, 0, 0]
						},
						"0.7917": {
							"vector": [0, 0, -5]
						},
						"1.9583": {
							"vector": [0, 0, 0]
						}
					}
				},
				"bone3": {
					"rotation": {
						"0.0": {
							"vector": [0, 0, 0]
						},
						"0.8333": {
							"vector": [0, 0, 25]
						},
						"1.2917": {
							"vector": [0, 0, 12.5]
						},
						"1.9583": {
							"vector": [0, 0, 0]
						}
					}
				},
				"tentacle6": {
					"rotation": {
						"0.0": {
							"vector": [0, 0, 0]
						},
						"0.5833": {
							"vector": [-7.08412, -0.61813, -4.8955]
						},
						"1.25": {
							"vector": [-14.3088, -0.00045, -2.47296]
						},
						"1.9583": {
							"vector": [0, 0, 0]
						}
					}
				},
				"bone4": {
					"rotation": {
						"0.0": {
							"vector": [0, 0, 0]
						},
						"0.4583": {
							"vector": [0, 0, 5]
						},
						"1.0833": {
							"vector": [-12.5, 0, 5]
						},
						"1.9583": {
							"vector": [0, 0, 0]
						}
					}
				},
				"tentacle7": {
					"rotation": {
						"0.0": {
							"vector": [0, 0, 0]
						},
						"0.7083": {
							"vector": [-7.5, 0, -10]
						},
						"1.25": {
							"vector": [-2.52251, -0.62024, -14.7172]
						},
						"1.9583": {
							"vector": [0, 0, 0]
						}
					}
				},
				"bone5": {
					"rotation": {
						"0.0": {
							"vector": [0, 0, 0]
						},
						"0.7083": {
							"vector": [-10, 0, 5]
						},
						"1.5417": {
							"vector": [-9.96411, -0.62907, 1.42837]
						},
						"1.9583": {
							"vector": [0, 0, 0]
						}
					}
				},
				"bone6": {
					"rotation": {
						"0.0": {
							"vector": [0, 0, 0]
						},
						"0.3333": {
							"vector": [0, 0, 7.5]
						},
						"0.8333": {
							"vector": [19.61969, 0, 9.31985]
						},
						"1.2083": {
							"vector": [14.49991, -1.88796, 16.57965]
						},
						"1.625": {
							"vector": [14.50701, -0.39777, 10.88809]
						},
						"1.9583": {
							"vector": [0, 0, 0]
						}
					}
				},
				"tentacle8": {
					"rotation": {
						"0.0": {
							"vector": [0, 0, 0]
						},
						"0.7083": {
							"vector": [0, 0, -10]
						},
						"1.0417": {
							"vector": [0, 0, -7.5]
						},
						"1.3333": {
							"vector": [0, 0, -10]
						},
						"1.9583": {
							"vector": [0, 0, 0]
						}
					}
				},
				"bone7": {
					"rotation": {
						"0.0": {
							"vector": [0, 0, 0]
						},
						"0.625": {
							"vector": [0, 0, -32.5]
						},
						"1.0833": {
							"vector": [0, 0, -10]
						},
						"1.5833": {
							"vector": [0, 12.5, -10]
						},
						"1.9583": {
							"vector": [0, 0, 0]
						}
					}
				},
				"tentacle9": {
					"rotation": {
						"0.0": {
							"vector": [0, 0, 0]
						},
						"0.6667": {
							"vector": [19.8046, 5.1771, -13.44929]
						},
						"1.125": {
							"vector": [17.77716, 3.34006, -8.67696]
						},
						"1.9583": {
							"vector": [0, 0, 0]
						}
					}
				},
				"bone8": {
					"rotation": {
						"0.0": {
							"vector": [0, 0, 0]
						},
						"0.4167": {
							"vector": [22.5, 0, 0]
						},
						"0.9583": {
							"vector": [17.5, 0, 0]
						},
						"1.3333": {
							"vector": [31.28192, 5.16403, -8.32711]
						},
						"1.9583": {
							"vector": [0, 0, 0]
						}
					}
				},
				"tentacle10": {
					"rotation": {
						"0.0": {
							"vector": [0, 0, 0]
						},
						"1.0833": {
							"vector": [-7.24816, 0.63239, 4.92195]
						},
						"1.5": {
							"vector": [-4.74816, 0.63239, 4.92195]
						},
						"1.9583": {
							"vector": [0, 0, 0]
						}
					}
				},
				"bone9": {
					"rotation": {
						"0.0": {
							"vector": [0, 0, 0]
						},
						"0.6667": {
							"vector": [2.5, 0, -5]
						},
						"1.375": {
							"vector": [-10, 0, -5]
						},
						"1.9583": {
							"vector": [0, 0, 0]
						}
					}
				},
				"bone10": {
					"rotation": {
						"0.0": {
							"vector": [0, 0, 0]
						},
						"0.5": {
							"vector": [0, 0, 7.5]
						},
						"1.0833": {
							"vector": [27.49586, 0, 7.5]
						},
						"1.9583": {
							"vector": [0, 0, 0]
						}
					}
				},
				"tentacle11": {
					"rotation": {
						"0.0": {
							"vector": [0, 0, 0]
						},
						"0.75": {
							"vector": [-7.33128, 0, 9.3353]
						},
						"1.2917": {
							"vector": [-1.54485, 0, 5.15051]
						},
						"1.9583": {
							"vector": [0, 0, 0]
						}
					}
				},
				"bone11": {
					"rotation": {
						"0.0": {
							"vector": [0, 0, 0]
						},
						"0.5": {
							"vector": [-4.905, 0, 9.25444]
						},
						"1.2083": {
							"vector": [-14.905, 0, 9.25444]
						},
						"1.9583": {
							"vector": [0, 0, 0]
						}
					}
				},
				"bone12": {
					"rotation": {
						"0.0": {
							"vector": [0, 0, 0]
						},
						"0.4167": {
							"vector": [12.5, 0, 0]
						},
						"0.9167": {
							"vector": [14.65584, -29.9038, -7.45102]
						},
						"1.9583": {
							"vector": [0, 0, 0]
						}
					}
				},
				"tentacle12": {
					"rotation": {
						"0.0": {
							"vector": [0, 0, 0]
						},
						"0.625": {
							"vector": [4.932, 0, 9.4634]
						},
						"1.2917": {
							"vector": [2.432, 0, 9.4634]
						},
						"1.9583": {
							"vector": [0, 0, 0]
						}
					}
				},
				"bone13": {
					"rotation": {
						"0.0": {
							"vector": [0, 0, 0]
						},
						"0.4167": {
							"vector": [0, 8.62622, 11.90356]
						},
						"1.2917": {
							"vector": [-10, -21.37378, 11.90356]
						},
						"1.9583": {
							"vector": [0, 0, 0]
						}
					}
				}
			}
		}
	},
	"geckolib_format_version": 2
}